{
  "model_type": "RandomForestClassifier",
  "n_estimators": 100,
  "feature_names": [
    "sepal length (cm)",
    "sepal width (cm)",
    "petal length (cm)",
    "petal width (cm)"
  ],
  "target_names": [
    "setosa",
    "versicolor",
    "virginica"
  ],
  "metrics": {
    "setosa": {
      "precision": 1.0,
      "recall": 1.0,
      "f1-score": 1.0,
      "support": 10.0
    },
    "versicolor": {
      "precision": 0.8181818181818182,
      "recall": 0.9,
      "f1-score": 0.8571428571428571,
      "support": 10.0
    },
    "virginica": {
      "precision": 0.8888888888888888,
      "recall": 0.8,
      "f1-score": 0.8421052631578947,
      "support": 10.0
    },
    "accuracy": 0.9,
    "macro avg": {
      "precision": 0.9023569023569024,
      "recall": 0.9,
      "f1-score": 0.899749373433584,
      "support": 30.0
    },
    "weighted avg": {
      "precision": 0.9023569023569024,
      "recall": 0.9,
      "f1-score": 0.8997493734335839,
      "support": 30.0
    }
  },
  "feature_importance": {
    "sepal length (cm)": 0.11634850540739942,
    "sepal width (cm)": 0.014999733101994138,
    "petal length (cm)": 0.43146640568097017,
    "petal width (cm)": 0.4371853558096363
  },
  "train_samples": 120,
  "test_samples": 30
}